<?xml version="1.0" encoding="UTF-8"?>
<!DOCTYPE suite SYSTEM "http://testng.org/testng-1.0.dtd">
<suite name="Suite" parallel="false">
  <test name="Test">
    <classes>
      <class name="Twitt_Api.Post_twitter"/>
      <class name="Twitt_Api.Username_get_twitter"/>
      <class name="Twitt_Api.Bangaloreweather_Twitter"/>
      <class name="Twitt_Api.Trending_Hashtag_Twitter"/>
      <class name="Twitt_Api.Searchstatus"/>
      <class name="Twitt_Api.TwitterStatus_enter"/>
    </classes>
  </test> <!-- Test -->
</suite> <!-- Suite -->
