<?xml version="1.0" encoding="UTF-8"?>
<!DOCTYPE suite SYSTEM "http://testng.org/testng-1.0.dtd">
<suite name="Suite" parallel="false">
  <test name="Test">
    <classes>
     <class name="Automation.PHP_Automation_testscript.RegistrationpageTest"/>
       <class name="Automation.PHP_Automation_testscript.Loginpage"/>
      <class name="Automation.PHP_Automation_testscript.PHP_Transfer"/>
      <class name="Automation.PHP_Automation_testscript.PHP_Tour"/>
      <class name="Automation.PHP_Automation_testscript.Hotel_search"/>

    </classes>
  </test> <!-- Test -->
</suite> <!-- Suite -->
